{
  "parent": "builtin/entity",
  "texture_size": [
    32,
    32
  ],
  "display": {
    "thirdperson_righthand": {
      "rotation": [
        -55.26,
        2.4,
        10.51
      ],
      "translation": [
        0,
        0,
        2
      ]
    },
    "thirdperson_lefthand": {
      "rotation": [
        -55.26000000000022,
        2.400000000000091,
        10.510000000000218
      ],
      "translation": [
        0,
        0,
        2
      ]
    },
    "firstperson_righthand": {
      "rotation": [
        -101.8,
        1.3,
        10.12
      ],
      "translation": [
        0.5,
        0,
        -2.75
      ]
    },
    "firstperson_lefthand": {
      "rotation": [
        -101.80000000000018,
        1.300000000000182,
        10.11999999999989
      ],
      "translation": [
        0.5,
        0,
        -2.75
      ]
    },
    "gui": {
      "rotation": [
        -91.4699999999998,
        -33.38999999999987,
        18.0300000000002
      ],
      "translation": [
        0.5,
        0,
        -2.75
      ],
      "scale": [
        1.5,
        1.5,
        1.5
      ]
    },
    "fixed": {
      "rotation": [
        89.94999999999982,
        1.300000000000182,
        10.11999999999989
      ],
      "translation": [
        0.5,
        0,
        -2.75
      ]
    }
  },
  "textures": {
    "particle": "showbiz:item/wand"
  }
}